{
    "$schema": "http://schema.management.azure.com/schemas/2015-01-01/deploymentTemplate.json#",
    "contentVersion": "1.0.0.0",
    "parameters": {
        "factoryName": {
            "type": "string",
            "metadata": "Data Factory name",
            "defaultValue": "testDataFactHulu"
        },
        "inputBlob_connectionString": {
            "type": "secureString",
            "metadata": "Secure string for 'connectionString' of 'inputBlob'"
        },
        "SampleProOutput_connectionString": {
            "type": "secureString",
            "metadata": "Secure string for 'connectionString' of 'SampleProOutput'"
        },
        "deathInput_connectionString": {
            "type": "secureString",
            "metadata": "Secure string for 'connectionString' of 'deathInput'"
        },
        "deathTable_connectionString": {
            "type": "secureString",
            "metadata": "Secure string for 'connectionString' of 'deathTable'"
        },
        "containerUri": {
            "type": "string",
            "metadata": "URI to storage account containing linked ARM templates"
        },
        "containerSasToken": {
            "type": "string",
            "metadata": "Sas token to storage account containing linked ARM templates"
        }
    },
    "variables": {
        "factoryId": "[concat('Microsoft.DataFactory/factories/', parameters('factoryName'))]"
    },
    "resources": [
        {
            "name": "testDataFactHulu_ArmTemplate_0",
            "type": "Microsoft.Resources/deployments",
            "apiVersion": "2018-02-01",
            "properties": {
                "mode": "incremental",
                "templateLink": {
                    "uri": "[concat(parameters('containerUri'), '/ArmTemplate_0.json', parameters('containerSasToken'))]",
                    "contentVersion": "1.0.0.0"
                },
                "parameters": {
                    "factoryName": {
                        "value": "[parameters('factoryName')]"
                    },
                    "inputBlob_connectionString": {
                        "value": "[parameters('inputBlob_connectionString')]"
                    },
                    "SampleProOutput_connectionString": {
                        "value": "[parameters('SampleProOutput_connectionString')]"
                    },
                    "deathInput_connectionString": {
                        "value": "[parameters('deathInput_connectionString')]"
                    },
                    "deathTable_connectionString": {
                        "value": "[parameters('deathTable_connectionString')]"
                    }
                }
            },
            "dependsOn": []
        }
    ]
}