{
    "$schema": "https://schema.management.azure.com/schemas/2015-01-01/deploymentParameters.json#",
    "contentVersion": "1.0.0.0",
    "parameters": {
        "factoryName": {
            "value": "testDataFactHulu"
        },
        "inputBlob_connectionString": {
            "value": ""
        },
        "SampleProOutput_connectionString": {
            "value": ""
        },
        "deathInput_connectionString": {
            "value": ""
        },
        "deathTable_connectionString": {
            "value": ""
        },
        "containerUri": {
            "value": ""
        },
        "containerSasToken": {
            "value": ""
        }
    }
}